filename,notes,authors,licenses,urls
"body/bodies/pregnant/walk/bright_green.png","see details at https://opengameart.org/content/lpc-character-bases; Pregnant Revised Run/Combat Idle/Emotes by JaidynReiman (based on ElizaWy's LPC Revised)","bluecarrot16, JaidynReiman, Evert, TheraHedwig, MuffinElZangano, Durrani, Benjamin K. Smith (BenCreating), Pierre Vigier (pvigier), Eliza Wyatt (ElizaWy), Matthew Krohn (makrohn), Johannes Sjölund (wulax), Stephen Challener (Redshrike)","CC-BY-SA 3.0, GPL 3.0","https://opengameart.org/content/liberated-pixel-cup-lpc-base-assets-sprites-map-tiles, https://opengameart.org/content/lpc-medieval-fantasy-character-sprites, https://opengameart.org/content/lpc-ladies, https://opengameart.org/content/lpc-pregnancy-bases-maternity-wear, https://opengameart.org/content/lpc-7-womens-shirts, https://opengameart.org/content/lpc-jump-expanded, https://gitlab.com/vagabondgame/lpc-characters, https://opengameart.org/content/lpc-jump-expanded, https://opengameart.org/content/lpc-male-jumping-animation-by-durrani, https://opengameart.org/content/lpc-runcycle-and-diagonal-walkcycle"
"head/heads/human/male/walk/bright_green.png","original head by Redshrike, tweaks by BenCreating, modular version by bluecarrot16","bluecarrot16, Benjamin K. Smith (BenCreating), Stephen Challener (Redshrike)","OGA-BY 3.0, CC-BY-SA 3.0, GPL 3.0","https://opengameart.org/content/liberated-pixel-cup-lpc-base-assets-sprites-map-tiles, https://opengameart.org/content/lpc-character-bases"
"head/faces/male/neutral/walk/bright_green.png","Original by Redshrike, Expressions by ElizaWy, mapped to all frames by JaidynReiman","JaidynReiman, ElizaWy, Stephen Challener (Redshrike)","OGA-BY 3.0","https://github.com/ElizaWy/LPC/tree/main/Characters/Head, https://opengameart.org/content/ulpc-expanded-expressions"
"head/ears/lykon/adult/walk/strawberry.png","","JaidynReiman","OGA-BY 3.0+, CC-BY 3.0+, GPL 3.0","https://opengameart.org/content/lpc-furry-ears-tails-for-rpg-sprites"
"eyes/cyclops/adult/walk/red.png","original by kirts, repositioned by JaidynReiman along with shading and recolors","kirts, JaidynReiman","CC0","https://opengameart.org/content/cyclops-and-his-eye"
"body/wings/lizard/adult/fg/walk/bright_green.png","edited for v3 bases and recolored by bluecarrot16, sit/jump/run/emote/revised combat by JaidynReiman","JaidynReiman, Nila122, bluecarrot16","OGA-BY 3.0, CC-BY-SA 3.0, GPL 3.0","https://opengameart.org/content/drakes-and-lizardfolk, https://opengameart.org/content/lpc-wings-new-animations"
