{
  "version": 2,
  "bodyType": "pregnant",
  "selections": {
    "body": {
      "itemId": "body",
      "variant": "bright_green",
      "name": "Body color (bright_green)"
    },
    "head": {
      "itemId": "heads_human_male",
      "variant": "bright_green",
      "name": "Human male (bright_green)"
    },
    "expression": {
      "itemId": "face_neutral",
      "variant": "bright_green",
      "name": "Neutral (bright_green)"
    },
    "ears": {
      "itemId": "head_ears_lykon",
      "variant": "strawberry",
      "name": "Side Wolf Ears (strawberry)"
    },
    "eyes": {
      "itemId": "eyes_cyclops",
      "variant": "red",
      "name": "Cyclops Eyes (red)"
    },
    "wings": {
      "itemId": "wings_lizard",
      "variant": "bright_green",
      "name": "Lizard Wings (bright_green)"
    }
  },
  "selectedAnimation": "walk",
  "showTransparencyGrid": true,
  "applyTransparencyMask": false,
  "matchBodyColorEnabled": true,
  "compactDisplay": false,
  "enabledLicenses": {
    "CC0": true,
    "CC-BY-SA": true,
    "CC-BY": true,
    "OGA-BY": true,
    "GPL": true
  },
  "enabledAnimations": {
    "spellcast": false,
    "thrust": false,
    "walk": false,
    "slash": false,
    "shoot": false,
    "hurt": false,
    "climb": false,
    "idle": false,
    "jump": false,
    "sit": false,
    "emote": false,
    "run": false,
    "watering": false,
    "combat": false,
    "1h_slash": false,
    "1h_backslash": false,
    "1h_halfslash": false
  },
  "url": "https://liberatedpixelcup.github.io/Universal-LPC-Spritesheet-Character-Generator/#sex=pregnant&body=Body_color_bright_green&head=Human_male_bright_green&expression=Neutral_bright_green&ears=Side_Wolf_Ears_strawberry&eyes=Cyclops_Eyes_red&wings=Lizard_Wings_bright_green",
  "layers": [
    {
      "itemId": "wings_lizard",
      "variant": "bright_green",
      "zPos": 5,
      "layerNum": 2,
      "yPos": 0,
      "isCustom": false,
      "fileName": "body/wings/lizard/adult/bg/spellcast/bright_green.png",
      "supportedAnimations": [
        "spellcast",
        "thrust",
        "walk",
        "slash",
        "shoot",
        "hurt",
        "climb",
        "idle",
        "jump",
        "sit",
        "emote",
        "run",
        "combat_idle",
        "backslash",
        "halfslash"
      ]
    },
    {
      "itemId": "body",
      "variant": "bright_green",
      "zPos": 10,
      "layerNum": 1,
      "yPos": 0,
      "isCustom": false,
      "fileName": "body/bodies/pregnant/spellcast/bright_green.png",
      "supportedAnimations": [
        "spellcast",
        "thrust",
        "walk",
        "slash",
        "shoot",
        "hurt",
        "climb",
        "idle",
        "jump",
        "sit",
        "emote",
        "run",
        "combat_idle",
        "backslash",
        "halfslash"
      ]
    },
    {
      "itemId": "heads_human_male",
      "variant": "bright_green",
      "zPos": 100,
      "layerNum": 1,
      "yPos": 0,
      "isCustom": false,
      "fileName": "head/heads/human/male/spellcast/bright_green.png",
      "supportedAnimations": [
        "spellcast",
        "thrust",
        "walk",
        "slash",
        "shoot",
        "hurt",
        "climb",
        "idle",
        "jump",
        "sit",
        "emote",
        "run",
        "combat_idle",
        "backslash",
        "halfslash"
      ]
    },
    {
      "itemId": "face_neutral",
      "variant": "bright_green",
      "zPos": 101,
      "layerNum": 1,
      "yPos": 0,
      "isCustom": false,
      "fileName": "head/faces/male/neutral/spellcast/bright_green.png",
      "supportedAnimations": [
        "spellcast",
        "thrust",
        "walk",
        "slash",
        "shoot",
        "hurt",
        "climb",
        "idle",
        "jump",
        "sit",
        "emote",
        "run",
        "combat_idle",
        "backslash",
        "halfslash"
      ]
    },
    {
      "itemId": "eyes_cyclops",
      "variant": "red",
      "zPos": 105,
      "layerNum": 1,
      "yPos": 0,
      "isCustom": false,
      "fileName": "eyes/cyclops/adult/spellcast/red.png",
      "supportedAnimations": [
        "spellcast",
        "thrust",
        "walk",
        "slash",
        "shoot",
        "hurt",
        "climb",
        "idle",
        "jump",
        "sit",
        "emote",
        "run",
        "combat_idle",
        "backslash",
        "halfslash"
      ]
    },
    {
      "itemId": "wings_lizard",
      "variant": "bright_green",
      "zPos": 105,
      "layerNum": 1,
      "yPos": 0,
      "isCustom": false,
      "fileName": "body/wings/lizard/adult/fg/spellcast/bright_green.png",
      "supportedAnimations": [
        "spellcast",
        "thrust",
        "walk",
        "slash",
        "shoot",
        "hurt",
        "climb",
        "idle",
        "jump",
        "sit",
        "emote",
        "run",
        "combat_idle",
        "backslash",
        "halfslash"
      ]
    },
    {
      "itemId": "head_ears_lykon",
      "variant": "strawberry",
      "zPos": 126,
      "layerNum": 1,
      "yPos": 0,
      "isCustom": false,
      "fileName": "head/ears/lykon/adult/spellcast/strawberry.png",
      "supportedAnimations": [
        "spellcast",
        "thrust",
        "walk",
        "slash",
        "shoot",
        "hurt",
        "climb",
        "idle",
        "jump",
        "sit",
        "emote",
        "run",
        "combat_idle",
        "backslash",
        "halfslash"
      ]
    }
  ],
  "credits": [
    {
      "fileName": "body/bodies/pregnant/walk/bright_green.png",
      "file": "body/bodies/pregnant",
      "notes": "see details at https://opengameart.org/content/lpc-character-bases; Pregnant Revised Run/Combat Idle/Emotes by JaidynReiman (based on ElizaWy's LPC Revised)",
      "authors": [
        "bluecarrot16",
        "JaidynReiman",
        "Evert",
        "TheraHedwig",
        "MuffinElZangano",
        "Durrani",
        "Benjamin K. Smith (BenCreating)",
        "Pierre Vigier (pvigier)",
        "Eliza Wyatt (ElizaWy)",
        "Matthew Krohn (makrohn)",
        "Johannes Sjölund (wulax)",
        "Stephen Challener (Redshrike)"
      ],
      "licenses": [
        "CC-BY-SA 3.0",
        "GPL 3.0"
      ],
      "urls": [
        "https://opengameart.org/content/liberated-pixel-cup-lpc-base-assets-sprites-map-tiles",
        "https://opengameart.org/content/lpc-medieval-fantasy-character-sprites",
        "https://opengameart.org/content/lpc-ladies",
        "https://opengameart.org/content/lpc-pregnancy-bases-maternity-wear",
        "https://opengameart.org/content/lpc-7-womens-shirts",
        "https://opengameart.org/content/lpc-jump-expanded",
        "https://gitlab.com/vagabondgame/lpc-characters",
        "https://opengameart.org/content/lpc-jump-expanded",
        "https://opengameart.org/content/lpc-male-jumping-animation-by-durrani",
        "https://opengameart.org/content/lpc-runcycle-and-diagonal-walkcycle"
      ]
    },
    {
      "fileName": "head/heads/human/male/walk/bright_green.png",
      "file": "head/heads/human/male",
      "notes": "original head by Redshrike, tweaks by BenCreating, modular version by bluecarrot16",
      "authors": [
        "bluecarrot16",
        "Benjamin K. Smith (BenCreating)",
        "Stephen Challener (Redshrike)"
      ],
      "licenses": [
        "OGA-BY 3.0",
        "CC-BY-SA 3.0",
        "GPL 3.0"
      ],
      "urls": [
        "https://opengameart.org/content/liberated-pixel-cup-lpc-base-assets-sprites-map-tiles",
        "https://opengameart.org/content/lpc-character-bases"
      ]
    },
    {
      "fileName": "head/faces/male/neutral/walk/bright_green.png",
      "file": "head/faces",
      "notes": "Original by Redshrike, Expressions by ElizaWy, mapped to all frames by JaidynReiman",
      "authors": [
        "JaidynReiman",
        "ElizaWy",
        "Stephen Challener (Redshrike)"
      ],
      "licenses": [
        "OGA-BY 3.0"
      ],
      "urls": [
        "https://github.com/ElizaWy/LPC/tree/main/Characters/Head",
        "https://opengameart.org/content/ulpc-expanded-expressions"
      ]
    },
    {
      "fileName": "head/ears/lykon/adult/walk/strawberry.png",
      "file": "head/ears/lykon",
      "notes": "",
      "authors": [
        "JaidynReiman"
      ],
      "licenses": [
        "OGA-BY 3.0+",
        "CC-BY 3.0+",
        "GPL 3.0"
      ],
      "urls": [
        "https://opengameart.org/content/lpc-furry-ears-tails-for-rpg-sprites"
      ]
    },
    {
      "fileName": "eyes/cyclops/adult/walk/red.png",
      "file": "eyes/cyclops",
      "notes": "original by kirts, repositioned by JaidynReiman along with shading and recolors",
      "authors": [
        "kirts",
        "JaidynReiman"
      ],
      "licenses": [
        "CC0"
      ],
      "urls": [
        "https://opengameart.org/content/cyclops-and-his-eye"
      ]
    },
    {
      "fileName": "body/wings/lizard/adult/fg/walk/bright_green.png",
      "file": "body/wings/lizard",
      "notes": "edited for v3 bases and recolored by bluecarrot16, sit/jump/run/emote/revised combat by JaidynReiman",
      "authors": [
        "JaidynReiman",
        "Nila122",
        "bluecarrot16"
      ],
      "licenses": [
        "OGA-BY 3.0",
        "CC-BY-SA 3.0",
        "GPL 3.0"
      ],
      "urls": [
        "https://opengameart.org/content/drakes-and-lizardfolk",
        "https://opengameart.org/content/lpc-wings-new-animations"
      ]
    }
  ]
}